Route_Name,Route_Link,Bus_Name,Bus_Type,Departing_Time,Duration,Reaching_Time,Star_Rating,Price,Seat_Availability,State
Tezpur to Guwahati,https://www.redbus.in/bus-tickets/tezpur-to-guwahati,Assam State Transport Corporation (ASTC) - 147480,Bharat Benz A/C Seater (2+2),05:00,04h 00m,09:00,3.7,INR 270,7 Seats available,Assam
Tezpur to Guwahati,https://www.redbus.in/bus-tickets/tezpur-to-guwahati,Assam State Transport Corporation (ASTC) - 135927,Volvo AC Seater 2+2,07:10,04h 30m,11:40,4.3,INR 298,8 Seats available,Assam
Tezpur to Guwahati,https://www.redbus.in/bus-tickets/tezpur-to-guwahati,Assam State Transport Corporation (ASTC) - 157959,Bharat Benz A/C Seater (2+2),14:00,04h 30m,18:30,4.1,INR 298,16 Seats available,Assam
Tezpur to Guwahati,https://www.redbus.in/bus-tickets/tezpur-to-guwahati,Assam State Transport Corporation (ASTC) - 154930,Volvo AC Seater 2+2,15:45,04h 15m,20:00,3.4,INR 298,29 Seats available,Assam
Tezpur to Guwahati,https://www.redbus.in/bus-tickets/tezpur-to-guwahati,Assam State Transport Corporation (ASTC) - 161055,Volvo AC Seater 2+2,16:15,04h 15m,20:30,4.2,INR 298,22 Seats available,Assam
Tezpur to Guwahati,https://www.redbus.in/bus-tickets/tezpur-to-guwahati,WARISPIYA TRAVELS,AC Seater (2+2),05:45,03h 15m,09:00,4.1,INR 360,7 Seats available,Assam
Tezpur to Guwahati,https://www.redbus.in/bus-tickets/tezpur-to-guwahati,Chartered Bus - ASTC,A/C Seater Push Back (2+2),11:30,04h 45m,16:15,4.1,INR 389.13,4 Seats available,Assam
Tezpur to Guwahati,https://www.redbus.in/bus-tickets/tezpur-to-guwahati,BLUE HILL TRAVELS INDIA LIMITED,NON A/C Seater Semi Sleeper (2+1),21:30,06h 00m,03:30,3.0,INR 400,31 Seats available,Assam
Tezpur to Guwahati,https://www.redbus.in/bus-tickets/tezpur-to-guwahati,Upasana Travels (Under ASTC),Non AC Seater (2+2),06:50,04h 10m,11:00,2.8,INR 290,17 Seats available,Assam
Tezpur to Guwahati,https://www.redbus.in/bus-tickets/tezpur-to-guwahati,Karisma (Aziba),NON A/C Seater (2+1),09:45,04h 25m,14:10,2.6,INR 350,18 Seats available,Assam
Tezpur to Guwahati,https://www.redbus.in/bus-tickets/tezpur-to-guwahati,Himalayan Travels,NON A/C Seater (2+2),23:40,04h 20m,04:00,1.8,INR 500,34 Seats available,Assam
Tezpur to Guwahati,https://www.redbus.in/bus-tickets/tezpur-to-guwahati,Pranjit Travels (Under ASTC),Bharat Benz A/C Seater (2+1),01:15,05h 00m,06:15,2.5,INR 550,15 Seats available,Assam
Guwahati to Tezpur,https://www.redbus.in/bus-tickets/guwahati-to-tezpur,Assam State Transport Corporation (ASTC) - 139846,Volvo AC Seater 2+2,06:10,03h 50m,10:00,4.2,INR 298,2 Seats available,Assam
Guwahati to Tezpur,https://www.redbus.in/bus-tickets/guwahati-to-tezpur,Assam State Transport Corporation (ASTC) - 149849,Volvo AC Seater 2+2,06:30,04h 15m,10:45,2.2,INR 298,3 Seats available,Assam
Guwahati to Tezpur,https://www.redbus.in/bus-tickets/guwahati-to-tezpur,Assam State Transport Corporation (ASTC) - 173419,Bharat Benz A/C Seater (2+2),07:15,03h 35m,10:50,3.6,INR 298,4 Seats available,Assam
Guwahati to Tezpur,https://www.redbus.in/bus-tickets/guwahati-to-tezpur,Assam State Transport Corporation (ASTC) - 154910,Bharat Benz A/C Seater (2+2),10:30,04h 30m,15:00,3.8,INR 298,21 Seats available,Assam
Guwahati to Tezpur,https://www.redbus.in/bus-tickets/guwahati-to-tezpur,Assam State Transport Corporation (ASTC) - 139720,Volvo AC Seater 2+2,13:45,04h 15m,18:00,4.4,INR 298,2 Seats available,Assam
Guwahati to Tezpur,https://www.redbus.in/bus-tickets/guwahati-to-tezpur,WARISPIYA TRAVELS,AC Seater (2+2),15:00,03h 40m,18:40,4.5,INR 360,16 Seats available,Assam
Guwahati to Tezpur,https://www.redbus.in/bus-tickets/guwahati-to-tezpur,Karisma (Aziba),NON A/C Seater (2+1),05:45,04h 55m,10:40,2.8,INR 350,14 Seats available,Assam
Guwahati to Tezpur,https://www.redbus.in/bus-tickets/guwahati-to-tezpur,Upasana Travels (Under ASTC),A/C Seater (2+2),11:30,04h 10m,15:40,1.6,INR 300,16 Seats available,Assam
Guwahati to Tezpur,https://www.redbus.in/bus-tickets/guwahati-to-tezpur,DESTINY TRAVELS,NON A/C Seater (2+1),18:45,28h 45m,23:30,1.9,408,1 Seat available,Assam
Guwahati to Tezpur,https://www.redbus.in/bus-tickets/guwahati-to-tezpur,Himalayan Travels,NON A/C Seater (2+2),20:30,06h 00m,02:30,1.8,INR 500,34 Seats available,Assam
Guwahati to Tezpur,https://www.redbus.in/bus-tickets/guwahati-to-tezpur,Chartered Bus,A/C Seater Push Back (2+2),20:00,04h 15m,00:15,3.3,INR 540.21,32 Seats available,Assam
Guwahati to Nagaon (Assam),https://www.redbus.in/bus-tickets/guwahati-to-nagaon,Assam State Transport Corporation (ASTC) - 149849,Volvo AC Seater 2+2,06:30,02h 30m,09:00,2.9,INR 191,2 Seats available,Assam
Guwahati to Nagaon (Assam),https://www.redbus.in/bus-tickets/guwahati-to-nagaon,Assam State Transport Corporation (ASTC) - 154910,Bharat Benz A/C Seater (2+2),10:30,02h 30m,13:00,3.8,INR 191,21 Seats available,Assam
Guwahati to Nagaon (Assam),https://www.redbus.in/bus-tickets/guwahati-to-nagaon,Assam State Transport Corporation (ASTC) - 146146,Bharat Benz A/C Seater (2+2),13:00,03h 00m,16:00,4.0,INR 191,29 Seats available,Assam
Guwahati to Nagaon (Assam),https://www.redbus.in/bus-tickets/guwahati-to-nagaon,DESTINY TRAVELS,NON A/C Seater (2+1),18:45,27h 05m,21:50,1.9,428,1 Seat available,Assam
Nagaon (Assam) to Guwahati,https://www.redbus.in/bus-tickets/nagaon-to-guwahati,Assam State Transport Corporation (ASTC) - 146078,Bharat Benz A/C Seater (2+2),08:15,02h 45m,11:00,4.3,INR 191,9 Seats available,Assam
Nagaon (Assam) to Guwahati,https://www.redbus.in/bus-tickets/nagaon-to-guwahati,Purple Wings Coaches,A/C Seater / Sleeper (2+1),04:05,02h 40m,06:45,4.5,INR 440,11 Seats available,Assam
Goalpara to Guwahati,https://www.redbus.in/bus-tickets/goalpara-to-guwahati,Assam State Transport Corporation (ASTC) - 141730,Bharat Benz A/C Seater (2+2),06:10,04h 00m,10:10,4.0,INR 233,23 Seats available,Assam
Jorhat to North Lakhimpur,https://www.redbus.in/bus-tickets/jorhat-to-north-lakhimpur,Padmanav Travels,NON A/C Seater Push Back (2+2),06:00,07h 45m,13:45,3.7,561,36 Seats available,Assam
Dhubri to Guwahati,https://www.redbus.in/bus-tickets/dhubri-to-guwahati,Yatra,Non AC Seater (2+2),20:15,07h 15m,03:30,2.3,INR 350,40 Seats available,Assam
Dhubri to Guwahati,https://www.redbus.in/bus-tickets/dhubri-to-guwahati,Rizwan Travels,A/C Seater (2+2),04:45,06h 45m,11:30,2.4,INR 340,35 Seats available,Assam
Dhubri to Guwahati,https://www.redbus.in/bus-tickets/dhubri-to-guwahati,Yatra,Non AC Seater (2+2),11:15,07h 30m,18:45,1.7,INR 300,41 Seats available,Assam
Dhubri to Guwahati,https://www.redbus.in/bus-tickets/dhubri-to-guwahati,Arifa Travels,Non AC Seater (2+2),05:30,05h 30m,11:00,1.9,INR 300,42 Seats available,Assam
Dhubri to Guwahati,https://www.redbus.in/bus-tickets/dhubri-to-guwahati,Rizwan Travels,Non AC Seater (2+2),12:30,07h 30m,20:00,2.4,INR 300,45 Seats available,Assam
Dhubri to Guwahati,https://www.redbus.in/bus-tickets/dhubri-to-guwahati,Rizwan Travels,Non AC Seater (2+2),12:15,07h 00m,19:15,2.4,INR 300,45 Seats available,Assam
Dhubri to Guwahati,https://www.redbus.in/bus-tickets/dhubri-to-guwahati,Yatra,Non AC Seater (2+2),13:15,07h 15m,20:30,2.2,INR 300,41 Seats available,Assam
Dhubri to Guwahati,https://www.redbus.in/bus-tickets/dhubri-to-guwahati,Arifa Travels,Non AC Seater (2+2),06:40,06h 50m,13:30,1.8,INR 300,44 Seats available,Assam
Jorhat to Dibrugarh,https://www.redbus.in/bus-tickets/jorhat-to-dibrugarh,NETWORK TRAVELS,NON A/C Seater Push Back (2+1),04:01,04h 29m,08:30,4.5,300,4 Seats available,Assam
Jorhat to Dibrugarh,https://www.redbus.in/bus-tickets/jorhat-to-dibrugarh,Ankur Travels (Under ASTC),NON A/C Push Back (2+2),09:20,04h 20m,13:40,3.1,INR 250,31 Seats available,Assam
Jorhat to Dibrugarh,https://www.redbus.in/bus-tickets/jorhat-to-dibrugarh,Baikuntha Transport Service,Bharat Benz A/C Seater /Sleeper (2+1),04:00,03h 15m,07:15,2.3,349,12 Seats available,Assam
Jorhat to Dibrugarh,https://www.redbus.in/bus-tickets/jorhat-to-dibrugarh,NEELAKANTHA (RIYA),Tempo Traveler NON A/C,10:15,03h 00m,13:15,1.0,INR 250,20 Seats available,Assam
Jorhat to Dibrugarh,https://www.redbus.in/bus-tickets/jorhat-to-dibrugarh,Purple Wings Coaches,A/C Seater / Sleeper (2+1),01:15,03h 15m,04:30,3.4,566,8 Seats available,Assam
Jorhat to Dibrugarh,https://www.redbus.in/bus-tickets/jorhat-to-dibrugarh,Bashudev Transline (Under ASTC),A/C Seater (2+1),02:10,03h 50m,06:00,4.2,INR 550,11 Seats available,Assam
Jorhat to Dibrugarh,https://www.redbus.in/bus-tickets/jorhat-to-dibrugarh,Christina Travels,NON A/C Seater (2+2),12:30,04h 00m,16:30,2.9,420,34 Seats available,Assam
North Lakhimpur to Jorhat,https://www.redbus.in/bus-tickets/north-lakhimpur-to-jorhat,Padmanav Travels,NON A/C Seater Push Back (2+2),05:30,08h 05m,13:35,3.6,561,40 Seats available,Assam
North Lakhimpur to Jorhat,https://www.redbus.in/bus-tickets/north-lakhimpur-to-jorhat,Priyanka,NON A/C Seater (2+1),17:30,11h 35m,05:05,3.7,INR 600,32 Seats available,Assam
Guwahati to Dhubri,https://www.redbus.in/bus-tickets/guwahati-to-dhubri,Yatra,Non AC Seater (2+2),08:15,07h 15m,15:30,2.3,INR 350,39 Seats available,Assam
Guwahati to Dhubri,https://www.redbus.in/bus-tickets/guwahati-to-dhubri,Rizwan Travels,A/C Seater (2+2),12:30,07h 00m,19:30,2.5,INR 350,28 Seats available,Assam
Guwahati to Dhubri,https://www.redbus.in/bus-tickets/guwahati-to-dhubri,Yatra,Non AC Seater (2+2),06:30,06h 15m,12:45,1.1,INR 300,41 Seats available,Assam
Guwahati to Dhubri,https://www.redbus.in/bus-tickets/guwahati-to-dhubri,Rizwan Travels,Non AC Seater (2+2),04:45,06h 15m,11:00,2.5,INR 300,45 Seats available,Assam
Guwahati to Dhubri,https://www.redbus.in/bus-tickets/guwahati-to-dhubri,Rizwan Travels,Non AC Seater (2+2),05:15,06h 15m,11:30,2.5,INR 300,44 Seats available,Assam
Dhekiajuli to Guwahati,https://www.redbus.in/bus-tickets/dhekiajuli-to-guwahati,Assam State Transport Corporation (ASTC) - 147480,Bharat Benz A/C Seater (2+2),05:55,03h 05m,09:00,3.6,INR 213,8 Seats available,Assam
Dhekiajuli to Guwahati,https://www.redbus.in/bus-tickets/dhekiajuli-to-guwahati,Volenath,Non AC Seater (2+2),05:30,04h 00m,09:30,1.5,INR 234,25 Seats available,Assam
Dibrugarh to Jorhat,https://www.redbus.in/bus-tickets/dibrugarh-to-jorhat,Assam State Transport Corporation (ASTC) - 166134,Bharat Benz A/C Seater (2+2),10:30,05h 00m,15:30,4.1,INR 207,20 Seats available,Assam
Dibrugarh to Jorhat,https://www.redbus.in/bus-tickets/dibrugarh-to-jorhat,NETWORK TRAVELS,A/C Seater Push Back (2+1),07:15,03h 15m,10:30,4.9,350,18 Seats available,Assam
Dibrugarh to Jorhat,https://www.redbus.in/bus-tickets/dibrugarh-to-jorhat,Chartered Bus - ASTC,A/C Seater Push Back (2+2),08:00,03h 00m,11:00,4.7,INR 647.8,27 Seats available,Assam
Dibrugarh to Jorhat,https://www.redbus.in/bus-tickets/dibrugarh-to-jorhat,Ankur Travels (Under ASTC),NON A/C Push Back (2+2),14:45,04h 45m,19:30,3.1,INR 250,37 Seats available,Assam
Dibrugarh to Jorhat,https://www.redbus.in/bus-tickets/dibrugarh-to-jorhat,Bashudev Transline (Under ASTC),A/C Seater (2+1),19:30,03h 45m,23:15,4.1,INR 550,34 Seats available,Assam
Dibrugarh to Jorhat,https://www.redbus.in/bus-tickets/dibrugarh-to-jorhat,Purple Wings Coaches,A/C Seater / Sleeper (2+1),19:55,04h 20m,00:15,3.7,540,11 Seats available,Assam
Dibrugarh to Jorhat,https://www.redbus.in/bus-tickets/dibrugarh-to-jorhat,Christina Travels,NON A/C Seater (2+2),08:20,02h 55m,11:15,2.9,650,37 Seats available,Assam
Dibrugarh to Jorhat,https://www.redbus.in/bus-tickets/dibrugarh-to-jorhat,NEELAKANTHA (RIYA),Tempo Traveler NON A/C,15:15,03h 00m,18:15,1.0,INR 250,20 Seats available,Assam
Jorhat to Tinsukia,https://www.redbus.in/bus-tickets/jorhat-to-tinsukia,Purple Wings Coaches,A/C Seater / Sleeper (2+1),01:15,04h 30m,05:45,3.7,575,8 Seats available,Assam
Jorhat to Tinsukia,https://www.redbus.in/bus-tickets/jorhat-to-tinsukia,NETWORK TRAVELS,NON A/C Seater Push Back (2+1),04:01,05h 29m,09:30,4.0,300,3 Seats available,Assam
Jorhat to Tinsukia,https://www.redbus.in/bus-tickets/jorhat-to-tinsukia,Christina Travels,NON A/C Seater (2+2),12:30,05h 30m,18:00,3.5,450,34 Seats available,Assam
Jorhat to Tinsukia,https://www.redbus.in/bus-tickets/jorhat-to-tinsukia,NETWORK TRAVELS,Non A/C Seater / Sleeper (2+1),00:30,05h 00m,05:30,2.9,350,17 Seats available,Assam
Tezpur to Dibrugarh,https://www.redbus.in/bus-tickets/tezpur-to-dibrugarh,Puja Transport,NON AC Seater / Sleeper 2+1,20:00,08h 30m,04:30,3.6,INR 550,21 Seats available,Assam
Tezpur to Dibrugarh,https://www.redbus.in/bus-tickets/tezpur-to-dibrugarh,Puja Transport,Non AC Seater (2+2),20:00,09h 00m,05:00,3.0,INR 550,27 Seats available,Assam
Tezpur to Dibrugarh,https://www.redbus.in/bus-tickets/tezpur-to-dibrugarh,MOON TRAVELS,AC Seater (2+2),07:15,08h 05m,15:20,2.8,523,32 Seats available,Assam
Tezpur to Dibrugarh,https://www.redbus.in/bus-tickets/tezpur-to-dibrugarh,J.S. Travels,Non AC Seater (2+1),20:30,07h 30m,04:00,2.3,INR 550,32 Seats available,Assam
Tezpur to Dibrugarh,https://www.redbus.in/bus-tickets/tezpur-to-dibrugarh,PIHU TRANSPORT,Bharat Benz NON A/C Seater / Sleeper (2+1),19:45,08h 15m,04:00,2.4,INR 470,49 Seats available,Assam
North Lakhimpur to Tezpur,https://www.redbus.in/bus-tickets/north-lakhimpur-to-tezpur,Karisma (Aziba),NON A/C Seater (2+1),05:35,04h 10m,09:45,3.4,INR 400,16 Seats available,Assam
North Lakhimpur to Tezpur,https://www.redbus.in/bus-tickets/north-lakhimpur-to-tezpur,Chartered Bus - ASTC,A/C Seater Push Back (2+2),07:45,03h 45m,11:30,4.6,INR 541.16,9 Seats available,Assam
North Lakhimpur to Tezpur,https://www.redbus.in/bus-tickets/north-lakhimpur-to-tezpur,Sparrow Travels (Under ASTC),A/C Seater Push Back (2+2),10:40,05h 20m,16:00,3.0,INR 420,40 Seats available,Assam
North Lakhimpur to Tezpur,https://www.redbus.in/bus-tickets/north-lakhimpur-to-tezpur,KRISHNA CHARAN TRAVELS,A/C Seater Push Back (2+2),12:00,04h 30m,16:30,4.0,INR 450,40 Seats available,Assam
North Lakhimpur to Tezpur,https://www.redbus.in/bus-tickets/north-lakhimpur-to-tezpur,Sparrow Travels (Under ASTC),Non AC Seater (2+2),12:30,06h 15m,18:45,3.0,INR 350,40 Seats available,Assam
North Lakhimpur to Tezpur,https://www.redbus.in/bus-tickets/north-lakhimpur-to-tezpur,Mahadev K.P.,Tata A/C Seater (2+2),05:00,05h 15m,10:15,1.7,INR 460,41 Seats available,Assam
North Lakhimpur to Tezpur,https://www.redbus.in/bus-tickets/north-lakhimpur-to-tezpur,Mahadev K.P.,Tata A/C Seater (2+2),05:20,05h 10m,10:30,1.7,INR 460,41 Seats available,Assam
North Lakhimpur to Tezpur,https://www.redbus.in/bus-tickets/north-lakhimpur-to-tezpur,Narayan Travels,AC Seater (2+2),07:20,05h 25m,12:45,1.0,399,40 Seats available,Assam
North Lakhimpur to Tezpur,https://www.redbus.in/bus-tickets/north-lakhimpur-to-tezpur,Ruma Travels (Under ASTC),Non AC Seater (2+2),08:30,07h 00m,15:30,1.7,INR 350,41 Seats available,Assam
North Lakhimpur to Tezpur,https://www.redbus.in/bus-tickets/north-lakhimpur-to-tezpur,Debarath,A/C Seater Hi-Tech Push Back (2+2),10:00,05h 45m,15:45,2.4,INR 460,40 Seats available,Assam
North Lakhimpur to Tezpur,https://www.redbus.in/bus-tickets/north-lakhimpur-to-tezpur,B.M. Travels (Swastidut) - Under ASTC,Non AC Seater (2+2),10:30,05h 50m,16:20,1.9,INR 350,41 Seats available,Assam
North Lakhimpur to Tezpur,https://www.redbus.in/bus-tickets/north-lakhimpur-to-tezpur,Mayur Travels (Under ASTC),Non AC Seater (2+2),12:15,05h 45m,18:00,1.9,INR 350,43 Seats available,Assam
North Lakhimpur to Tezpur,https://www.redbus.in/bus-tickets/north-lakhimpur-to-tezpur,DESTINY TRAVELS,NON AC Seater / Sleeper 2+1,20:20,03h 25m,23:45,0,428,35 Seats available,Assam
Guwahati to Biswanath Charali,https://www.redbus.in/bus-tickets/guwahati-to-biswanath-charali,Assam State Transport Corporation (ASTC) - 173419,Bharat Benz A/C Seater (2+2),07:15,04h 35m,11:50,3.5,INR 412,5 Seats available,Assam
Guwahati to Biswanath Charali,https://www.redbus.in/bus-tickets/guwahati-to-biswanath-charali,Karisma (Aziba),NON A/C Seater (2+1),05:45,06h 05m,11:50,3.5,INR 400,13 Seats available,Assam
Guwahati to Biswanath Charali,https://www.redbus.in/bus-tickets/guwahati-to-biswanath-charali,Laxmi Travels,Bharat Benz A/C Seater /Sleeper (2+1),19:45,04h 05m,23:50,4.8,500,26 Seats available,Assam
Guwahati to Biswanath Charali,https://www.redbus.in/bus-tickets/guwahati-to-biswanath-charali,Chartered Bus,A/C Seater Push Back (2+2),20:00,05h 45m,01:45,3.3,INR 540.21,32 Seats available,Assam
Guwahati to Biswanath Charali,https://www.redbus.in/bus-tickets/guwahati-to-biswanath-charali,DONYI POLO EXPRESS,NON A/C Seater (2+1),15:45,06h 00m,21:45,1.9,400,25 Seats available,Assam
Guwahati to Biswanath Charali,https://www.redbus.in/bus-tickets/guwahati-to-biswanath-charali,DESTINY TRAVELS,NON A/C Seater (2+1),18:45,29h 39m,00:24,2.5,457,1 Seat available,Assam
Guwahati to Biswanath Charali,https://www.redbus.in/bus-tickets/guwahati-to-biswanath-charali,NORTH EAST TRAVELS(UNDER ASTC),NON A/C Seater (2+1),20:15,06h 15m,02:30,0,450,21 Seats available,Assam
North Lakhimpur to Dibrugarh,https://www.redbus.in/bus-tickets/north-lakhimpur-to-dibrugarh,Air Bus Travels,NON AC Seater / Sleeper 2+1,21:00,06h 00m,03:00,3.8,INR 400,3 Seats available,Assam
Tinsukia to Jorhat,https://www.redbus.in/bus-tickets/tinsukia-to-jorhat,Assam State Transport Corporation (ASTC) - 166134,Bharat Benz A/C Seater (2+2),09:00,06h 30m,15:30,3.6,INR 281,20 Seats available,Assam
Tinsukia to Jorhat,https://www.redbus.in/bus-tickets/tinsukia-to-jorhat,Chartered Bus - ASTC,A/C Seater Push Back (2+2),06:45,04h 15m,11:00,4.7,INR 735.16,25 Seats available,Assam
Tinsukia to Jorhat,https://www.redbus.in/bus-tickets/tinsukia-to-jorhat,NETWORK TRAVELS,Non A/C Seater / Sleeper (2+1),17:00,06h 00m,23:00,3.6,350,33 Seats available,Assam
Tinsukia to Jorhat,https://www.redbus.in/bus-tickets/tinsukia-to-jorhat,Purple Wings Coaches,A/C Seater / Sleeper (2+1),18:30,05h 45m,00:15,3.8,551,43 Seats available,Assam
Tinsukia to Jorhat,https://www.redbus.in/bus-tickets/tinsukia-to-jorhat,Christina Travels,NON A/C Seater (2+2),07:00,04h 15m,11:15,2.9,650,36 Seats available,Assam
Tezpur to North Lakhimpur,https://www.redbus.in/bus-tickets/tezpur-to-north-lakhimpur,Assam State Transport Corporation (ASTC) - 173419,Bharat Benz A/C Seater (2+2),10:50,04h 10m,15:00,3.7,INR 334,15 Seats available,Assam
Tezpur to North Lakhimpur,https://www.redbus.in/bus-tickets/tezpur-to-north-lakhimpur,Sparrow Travels (Under ASTC),A/C Seater Push Back (2+2),05:00,05h 10m,10:10,3.6,INR 420,37 Seats available,Assam
Tezpur to North Lakhimpur,https://www.redbus.in/bus-tickets/tezpur-to-north-lakhimpur,KRISHNA CHARAN TRAVELS,A/C Seater Push Back (2+2),05:30,05h 30m,11:00,4.0,INR 450,40 Seats available,Assam
Tezpur to North Lakhimpur,https://www.redbus.in/bus-tickets/tezpur-to-north-lakhimpur,Sparrow Travels (Under ASTC),Non AC Seater (2+2),06:30,05h 30m,12:00,4.4,INR 350,40 Seats available,Assam
Tezpur to North Lakhimpur,https://www.redbus.in/bus-tickets/tezpur-to-north-lakhimpur,Karisma (Aziba),NON A/C Seater (2+1),10:40,04h 20m,15:00,3.4,INR 400,23 Seats available,Assam
Tezpur to North Lakhimpur,https://www.redbus.in/bus-tickets/tezpur-to-north-lakhimpur,Mayur Travels (Under ASTC),Non AC Seater (2+2),05:45,05h 45m,11:30,1.9,INR 350,43 Seats available,Assam
Tezpur to North Lakhimpur,https://www.redbus.in/bus-tickets/tezpur-to-north-lakhimpur,Ruma Travels (Under ASTC),Non AC Seater (2+2),09:00,05h 40m,14:40,1.0,INR 350,41 Seats available,Assam
Tezpur to North Lakhimpur,https://www.redbus.in/bus-tickets/tezpur-to-north-lakhimpur,Mahadev K.P.,Tata A/C Seater (2+2),11:00,07h 15m,18:15,1.7,INR 460,41 Seats available,Assam
Tezpur to North Lakhimpur,https://www.redbus.in/bus-tickets/tezpur-to-north-lakhimpur,Mahadev K.P.,Tata A/C Seater (2+2),11:30,07h 00m,18:30,1.7,INR 460,41 Seats available,Assam
Tezpur to North Lakhimpur,https://www.redbus.in/bus-tickets/tezpur-to-north-lakhimpur,Narayan Travels,AC Seater (2+2),14:20,06h 10m,20:30,1.9,399,40 Seats available,Assam
Tezpur to North Lakhimpur,https://www.redbus.in/bus-tickets/tezpur-to-north-lakhimpur,DESTINY TRAVELS,NON A/C Seater (2+1),23:30,04h 15m,03:45,0,437,32 Seats available,Assam
Guwahati to Gohpur,https://www.redbus.in/bus-tickets/guwahati-to-gohpur,Assam State Transport Corporation (ASTC) - 173419,Bharat Benz A/C Seater (2+2),07:15,05h 45m,13:00,3.7,INR 503,5 Seats available,Assam
Guwahati to Gohpur,https://www.redbus.in/bus-tickets/guwahati-to-gohpur,Deep Travels,NON AC Seater / Sleeper 2+1,21:00,07h 15m,04:15,3.6,INR 499,32 Seats available,Assam
Guwahati to Gohpur,https://www.redbus.in/bus-tickets/guwahati-to-gohpur,GURUNANAK TRAVELS,NON A/C Seater (2+1),19:00,08h 00m,03:00,1.3,INR 500,32 Seats available,Assam
Guwahati to Gohpur,https://www.redbus.in/bus-tickets/guwahati-to-gohpur,Laxmi Travels,Bharat Benz A/C Seater /Sleeper (2+1),19:45,06h 45m,02:30,3.3,550,28 Seats available,Assam
Guwahati to Gohpur,https://www.redbus.in/bus-tickets/guwahati-to-gohpur,DONYI POLO EXPRESS,NON A/C Seater (2+1),15:45,07h 00m,22:45,3.4,400,25 Seats available,Assam
Guwahati to Gohpur,https://www.redbus.in/bus-tickets/guwahati-to-gohpur,Chartered Bus,A/C Seater Push Back (2+2),20:00,07h 15m,03:15,4.7,INR 648.23,29 Seats available,Assam
Guwahati to Gohpur,https://www.redbus.in/bus-tickets/guwahati-to-gohpur,NORTH EAST TRAVELS(UNDER ASTC),NON A/C Seater (2+1),20:15,07h 45m,04:00,1.2,450,21 Seats available,Assam
Guwahati to Gohpur,https://www.redbus.in/bus-tickets/guwahati-to-gohpur,Karisma (Aziba),NON A/C Seater (2+1),05:45,07h 15m,13:00,1.9,INR 480,12 Seats available,Assam
Guwahati to Gohpur,https://www.redbus.in/bus-tickets/guwahati-to-gohpur,BLUE HILL TRAVELS INDIA LIMITED,NON A/C Seater Semi Sleeper (2+1),16:15,09h 15m,01:30,0,INR 600,31 Seats available,Assam
Guwahati to Gohpur,https://www.redbus.in/bus-tickets/guwahati-to-gohpur,DESTINY TRAVELS,NON A/C Seater (2+1),18:45,06h 50m,01:35,0,507,1 Seat available,Assam
Guwahati to Kaliabor,https://www.redbus.in/bus-tickets/guwahati-to-kaliabor,Assam State Transport Corporation (ASTC) - 139846,Volvo AC Seater 2+2,06:10,03h 05m,09:15,4.2,INR 259,2 Seats available,Assam
Guwahati to Kaliabor,https://www.redbus.in/bus-tickets/guwahati-to-kaliabor,Assam State Transport Corporation (ASTC) - 149849,Volvo AC Seater 2+2,06:30,03h 30m,10:00,4.2,INR 259,19 Seats available,Assam
Guwahati to Kaliabor,https://www.redbus.in/bus-tickets/guwahati-to-kaliabor,Assam State Transport Corporation (ASTC) - 143955,Bharat Benz A/C Seater (2+2),07:00,03h 30m,10:30,4.2,INR 259,1 Seat available,Assam
Guwahati to Kaliabor,https://www.redbus.in/bus-tickets/guwahati-to-kaliabor,Assam State Transport Corporation (ASTC) - 154910,Bharat Benz A/C Seater (2+2),10:30,03h 30m,14:00,3.7,INR 259,23 Seats available,Assam
Guwahati to Kaliabor,https://www.redbus.in/bus-tickets/guwahati-to-kaliabor,Assam State Transport Corporation (ASTC) - 139720,Volvo AC Seater 2+2,13:45,03h 30m,17:15,4.2,INR 259,2 Seats available,Assam
Guwahati to Kaliabor,https://www.redbus.in/bus-tickets/guwahati-to-kaliabor,Rishi India Travels,Bharat Benz A/C Seater (2+1),06:45,03h 15m,10:00,2.9,450,38 Seats available,Assam
Guwahati to Tumuki (Tezpur Medical),https://www.redbus.in/bus-tickets/guwahati-to-tumuki-tezpur-medical,Assam State Transport Corporation (ASTC) - 139846,Volvo AC Seater 2+2,06:10,04h 35m,10:45,4.2,INR 316,2 Seats available,Assam
Dibrugarh to Tezpur,https://www.redbus.in/bus-tickets/dibrugarh-to-tezpur,SANJEEBANI TRAVELS,Non A/C Seater / Sleeper (2+1),18:45,08h 15m,03:00,3.5,INR 600,37 Seats available,Assam
Dibrugarh to Tezpur,https://www.redbus.in/bus-tickets/dibrugarh-to-tezpur,MOON TRAVELS,AC Seater (2+2),09:10,07h 50m,17:00,3.0,570,31 Seats available,Assam
Biswanath Charali to Guwahati,https://www.redbus.in/bus-tickets/biswanath-charali-to-guwahati,Pranjit Travels (Under ASTC),Bharat Benz A/C Seater (2+1),00:30,05h 45m,06:15,3.7,INR 610,15 Seats available,Assam
Biswanath Charali to Guwahati,https://www.redbus.in/bus-tickets/biswanath-charali-to-guwahati,Pranjit Travels (Under ASTC),A/C Seater / Sleeper (2+1),00:45,05h 15m,06:00,4.8,INR 550,21 Seats available,Assam
Biswanath Charali to Guwahati,https://www.redbus.in/bus-tickets/biswanath-charali-to-guwahati,Karisma (Aziba),NON A/C Seater (2+1),08:45,05h 25m,14:10,3.3,INR 450,14 Seats available,Assam
Biswanath Charali to Guwahati,https://www.redbus.in/bus-tickets/biswanath-charali-to-guwahati,Chartered Bus - ASTC,A/C Seater Push Back (2+2),11:00,05h 15m,16:15,4.1,INR 604.69,4 Seats available,Assam
Biswanath Charali to Guwahati,https://www.redbus.in/bus-tickets/biswanath-charali-to-guwahati,BLUE HILL TRAVELS INDIA LIMITED,NON A/C Seater Semi Sleeper (2+1),20:00,07h 30m,03:30,2.5,INR 450,31 Seats available,Assam
Biswanath Charali to Guwahati,https://www.redbus.in/bus-tickets/biswanath-charali-to-guwahati,DONYI POLO EXPRESS,Non AC Seater (2+1),23:45,06h 15m,06:00,0,400,9 Seats available,Assam
Tumuki (Tezpur Medical) to Guwahati,https://www.redbus.in/bus-tickets/tumuki-tezpur-medical-to-guwahati,Assam State Transport Corporation (ASTC) - 161055,Volvo AC Seater 2+2,15:15,05h 15m,20:30,3.2,INR 316,24 Seats available,Assam
Gohpur to Guwahati,https://www.redbus.in/bus-tickets/gohpur-to-guwahati,Deep Travels,NON AC Seater / Sleeper 2+1,22:20,06h 40m,05:00,3.8,INR 499,11 Seats available,Assam
Gohpur to Guwahati,https://www.redbus.in/bus-tickets/gohpur-to-guwahati,NORTH EAST TRAVELS(UNDER ASTC),NON A/C Seater (2+1),20:00,10h 00m,06:00,2.6,450,26 Seats available,Assam
Gohpur to Guwahati,https://www.redbus.in/bus-tickets/gohpur-to-guwahati,Laxmi Travels,Bharat Benz A/C Seater /Sleeper (2+1),22:45,07h 15m,06:00,3.2,500,11 Seats available,Assam
Gohpur to Guwahati,https://www.redbus.in/bus-tickets/gohpur-to-guwahati,DONYI POLO EXPRESS,Non AC Seater (2+1),22:30,07h 30m,06:00,4.5,400,8 Seats available,Assam
Gohpur to Guwahati,https://www.redbus.in/bus-tickets/gohpur-to-guwahati,Island Travels (Under ASTC),Non AC Seater (2+1),22:30,07h 30m,06:00,3.3,450,13 Seats available,Assam
Gohpur to Guwahati,https://www.redbus.in/bus-tickets/gohpur-to-guwahati,Chartered Bus - ASTC,A/C Seater Push Back (2+2),09:30,06h 45m,16:15,3.1,INR 604.69,4 Seats available,Assam
Gohpur to Guwahati,https://www.redbus.in/bus-tickets/gohpur-to-guwahati,Karisma (Aziba),NON A/C Seater (2+1),07:40,06h 30m,14:10,0,INR 480,15 Seats available,Assam
Gohpur to Guwahati,https://www.redbus.in/bus-tickets/gohpur-to-guwahati,GURUNANAK TRAVELS,NON A/C Seater (2+1),21:00,08h 00m,05:00,0,INR 500,31 Seats available,Assam
North Lakhimpur to Guwahati,https://www.redbus.in/bus-tickets/north-lakhimpur-to-guwahati,Deep Travels,NON AC Seater / Sleeper 2+1,19:30,09h 30m,05:00,3.9,INR 549,11 Seats available,Assam
North Lakhimpur to Guwahati,https://www.redbus.in/bus-tickets/north-lakhimpur-to-guwahati,Chartered Bus - ASTC,A/C Seater Push Back (2+2),07:45,08h 30m,16:15,4.5,INR 713.6,4 Seats available,Assam
North Lakhimpur to Guwahati,https://www.redbus.in/bus-tickets/north-lakhimpur-to-guwahati,Laxmi Travels,Bharat Benz A/C Seater /Sleeper (2+1),20:40,09h 20m,06:00,4.3,600,12 Seats available,Assam
North Lakhimpur to Guwahati,https://www.redbus.in/bus-tickets/north-lakhimpur-to-guwahati,DONYI POLO EXPRESS,Non AC Seater (2+1),20:55,09h 05m,06:00,3.0,500,8 Seats available,Assam
North Lakhimpur to Guwahati,https://www.redbus.in/bus-tickets/north-lakhimpur-to-guwahati,NETWORK TRAVELS,NON A/C Seater Push Back (2+1),20:30,08h 30m,05:00,3.1,550,11 Seats available,Assam
North Lakhimpur to Guwahati,https://www.redbus.in/bus-tickets/north-lakhimpur-to-guwahati,Island Travels (Under ASTC),Non AC Seater (2+1),20:45,09h 15m,06:00,3.9,500,14 Seats available,Assam
North Lakhimpur to Guwahati,https://www.redbus.in/bus-tickets/north-lakhimpur-to-guwahati,GURUNANAK TRAVELS,NON A/C Seater (2+1),18:30,10h 30m,05:00,0,INR 600,25 Seats available,Assam
North Lakhimpur to Guwahati,https://www.redbus.in/bus-tickets/north-lakhimpur-to-guwahati,Karisma (Aziba),NON A/C Seater (2+1),05:35,08h 35m,14:10,0,INR 550,15 Seats available,Assam
Haflong to Guwahati,https://www.redbus.in/bus-tickets/haflong-to-guwahati,Deep Travels,Non AC Seater (2+1),17:45,10h 45m,04:30,4.0,INR 599,25 Seats available,Assam
Haflong to Guwahati,https://www.redbus.in/bus-tickets/haflong-to-guwahati,NETWORK TRAVELS,NON A/C Seater (2+1),18:00,10h 00m,04:00,4.4,600,24 Seats available,Assam
Tezpur to Moran,https://www.redbus.in/bus-tickets/tezpur-to-moran,MOON TRAVELS,AC Seater (2+2),07:15,07h 00m,14:15,3.9,475,31 Seats available,Assam
Tezpur to Moran,https://www.redbus.in/bus-tickets/tezpur-to-moran,PIHU TRANSPORT,Bharat Benz NON A/C Seater / Sleeper (2+1),19:45,07h 15m,03:00,2.6,INR 520,49 Seats available,Assam
Moran to Tezpur,https://www.redbus.in/bus-tickets/moran-to-tezpur,SANJEEBANI TRAVELS,Non A/C Seater / Sleeper (2+1),20:15,06h 45m,03:00,3.5,INR 600,41 Seats available,Assam
Moran to Tezpur,https://www.redbus.in/bus-tickets/moran-to-tezpur,MOON TRAVELS,AC Seater (2+2),10:30,06h 30m,17:00,2.7,523,31 Seats available,Assam
Bokakhat to Dibrugarh,https://www.redbus.in/bus-tickets/bokakhat-to-dibrugarh,Assam State Transport Corporation (ASTC) - 139495,NON A/C Seater Push Back (2+1),07:30,06h 30m,14:00,3.6,INR 273,30 Seats available,Assam
Bokakhat to Dibrugarh,https://www.redbus.in/bus-tickets/bokakhat-to-dibrugarh,Purple Wings Coaches,A/C Seater / Sleeper (2+1),00:15,04h 15m,04:30,3.7,551,43 Seats available,Assam
Bokakhat to Dibrugarh,https://www.redbus.in/bus-tickets/bokakhat-to-dibrugarh,Bashudev Transline (Under ASTC),A/C Seater (2+1),01:10,04h 50m,06:00,3.9,INR 550,33 Seats available,Assam
Bokakhat to Dibrugarh,https://www.redbus.in/bus-tickets/bokakhat-to-dibrugarh,Baikuntha Transport Service,Bharat Benz A/C Sleeper (2+1),02:00,05h 15m,07:15,3.3,449,21 Seats available,Assam
Bokakhat to Dibrugarh,https://www.redbus.in/bus-tickets/bokakhat-to-dibrugarh,MOON TRAVELS,AC Seater (2+2),09:45,05h 35m,15:20,3.2,523,37 Seats available,Assam
Bokakhat to Dibrugarh,https://www.redbus.in/bus-tickets/bokakhat-to-dibrugarh,Christina Travels,NON A/C Seater (2+2),11:00,05h 30m,16:30,2.9,650,34 Seats available,Assam
Bokakhat to Dibrugarh,https://www.redbus.in/bus-tickets/bokakhat-to-dibrugarh,PIHU TRANSPORT,Bharat Benz NON A/C Seater / Sleeper (2+1),23:30,04h 30m,04:00,2.7,INR 500,50 Seats available,Assam
North Lakhimpur to Nagaon (Assam),https://www.redbus.in/bus-tickets/north-lakhimpur-to-nagaon,Karisma (Aziba),NON A/C Seater (2+1),05:35,06h 05m,11:40,3.4,INR 500,23 Seats available,Assam
North Lakhimpur to Nagaon (Assam),https://www.redbus.in/bus-tickets/north-lakhimpur-to-nagaon,Chartered Bus - ASTC,A/C Seater Push Back (2+2),07:45,05h 30m,13:15,3.5,INR 637.59,4 Seats available,Assam
North Lakhimpur to Nagaon (Assam),https://www.redbus.in/bus-tickets/north-lakhimpur-to-nagaon,Drishti Travels,NON A/C Seater (2+1),18:30,08h 30m,03:00,4.3,450,32 Seats available,Assam
North Lakhimpur to Nagaon (Assam),https://www.redbus.in/bus-tickets/north-lakhimpur-to-nagaon,Drishti Travels,NON A/C Seater (2+1),18:30,08h 00m,02:30,4.3,450,32 Seats available,Assam
North Lakhimpur to Nagaon (Assam),https://www.redbus.in/bus-tickets/north-lakhimpur-to-nagaon,GURUNANAK TRAVELS,NON A/C Seater (2+1),18:30,08h 30m,03:00,3.7,INR 600,32 Seats available,Assam
North Lakhimpur to Nagaon (Assam),https://www.redbus.in/bus-tickets/north-lakhimpur-to-nagaon,DONYI POLO EXPRESS,Non AC Seater (2+1),20:55,06h 50m,03:45,0,550,23 Seats available,Assam
Guwahati to Golaghat,https://www.redbus.in/bus-tickets/guwahati-to-golaghat,NAMBOR TRANSPORT,Bharat Benz A/C Seater (2+1),21:00,07h 00m,04:00,4.1,INR 600,21 Seats available,Assam
Guwahati to Golaghat,https://www.redbus.in/bus-tickets/guwahati-to-golaghat,NAMBOR TRANSPORT,Bharat Benz A/C Seater (2+1),14:00,06h 45m,20:45,4.1,INR 600,26 Seats available,Assam
Guwahati to Golaghat,https://www.redbus.in/bus-tickets/guwahati-to-golaghat,NAMBOR TRANSPORT,Bharat Benz A/C Seater (2+1),06:30,06h 30m,13:00,3.9,INR 600,16 Seats available,Assam
Guwahati to Golaghat,https://www.redbus.in/bus-tickets/guwahati-to-golaghat,RATNAGIRI TRANSPORT,Bharat Benz A/C Seater /Sleeper (2+1),21:31,06h 59m,04:30,3.9,INR 600,29 Seats available,Assam
Guwahati to Golaghat,https://www.redbus.in/bus-tickets/guwahati-to-golaghat,NAMBOR TRANSPORT,Bharat Benz A/C Seater (2+1),10:00,06h 45m,16:45,4.1,INR 600,21 Seats available,Assam
